"u_employee_id","u_employee_name","u_department","u_email","u_location"
"SB0002","User2","servicenow","user2@gmail.com","Tamil nadu"
"SB0005","User5","salesforce","user5@gmail.com","Tamil nadu"
"SB0002","User2","servicenow","user2@gmail.com","Tamil nadu"
"SB0004","User4","servicenow","user4@gmail.com","Tamil nadu"
"SB0001","User1","servicenow","user1@gmail.com","Tamil nadu"
"SB0005","User5","salesforce","user5@gmail.com","Tamil nadu"
"SB0004","User4","servicenow","user4@gmail.com","Tamil nadu"
"SB0005","User5","salesforce","user5@gmail.com","Tamil nadu"
"SB0004","User4","servicenow","user4@gmail.com","Tamil nadu"
"SB0001","User1","servicenow","user1@gmail.com","Tamil nadu"
"SB0003","User3","servicenow","user3@gmail.com","Tamil nadu"
"SB0001","User1","servicenow","user1@gmail.com","Tamil nadu"
"SB0004","User4","servicenow","user4@gmail.com","Tamil nadu"
"SB0003","User3","servicenow","user3@gmail.com","Tamil nadu"
"SB0003","User3","servicenow","user3@gmail.com","Tamil nadu"
"SB0004","User4","servicenow","user4@gmail.com","Tamil nadu"
"SB0006","User6","salesforce","user6@gmail.com","tamil nadu"
"SB0003","User3","servicenow","user3@gmail.com","Tamil nadu"
"SB0002","User2","servicenow","user2@gmail.com","Tamil nadu"
"SB0001","User1","servicenow","user1@gmail.com","Tamil nadu"
"SB0003","User3","servicenow","user3@gmail.com","Tamil nadu"
"SB0002","User2","servicenow","user2@gmail.com","Tamil nadu"
"SB0005","User5","salesforce","user5@gmail.com","Tamil nadu"
"SB0001","User1","servicenow","user1@gmail.com","Tamil nadu"
"SB0005","User5","salesforce","user5@gmail.com","Tamil nadu"
"SB0002","User2","servicenow","user2@gmail.com","Tamil nadu"
